City_ID,City,Country,Max Temp,Current Description,Lat,Lng,Hotel Name
0,Arraial Do Cabo,BR,78.76,few clouds,-22.9661,-42.0278,Pousada Porto Praia
2,Atuona,PF,78.33,clear sky,-9.8,-139.0333,Villa Enata
4,Cavalcante,BR,77.94,scattered clouds,-13.7975,-47.4583,Pousada Vila dos Ip√™s
5,Carnarvon,AU,75.27,clear sky,-24.8667,113.6333,Hospitality Carnarvon
6,Hermanus,ZA,64.36,broken clouds,-34.4187,19.2345,Misty Waves Boutique Hotel
7,Sur,OM,73.96,clear sky,22.5667,59.5289,Sur Plaza Hotel
8,San Luis,AR,75.61,clear sky,-33.295,-66.3356,Huarpes Hotel
9,Punta Arenas,CL,50.11,light rain,-53.15,-70.9167,Hotel Dreams Del Estrecho
10,Mataura,NZ,53.67,overcast clouds,-46.1927,168.8643,Ellie's Villa
12,Hobart,AU,53.46,clear sky,-42.8794,147.3294,Mantra on Collins Hobart
14,Tezu,IN,60.84,clear sky,27.9167,96.1667,Circuit House
15,Garmsar,IR,52.63,clear sky,35.2182,52.3409,ÿ¢ÿ∞€åŸÜ ŸÅŸàŸÖ
17,Ishigaki,JP,71.62,light rain,24.3448,124.1572,Hotel Peace Land Ishigakijima
18,New Norfolk,AU,53.1,scattered clouds,-42.7826,147.0587,The Shingles Riverside Cottages
19,Yining,CN,50.14,few clouds,29.0361,114.5636,Xiushui Hotel
24,Bria,CF,75.58,overcast clouds,6.5423,21.9863,WFP Guesthouse
28,Half Moon Bay,US,66.38,clear sky,37.4636,-122.4286,"The Ritz-Carlton, Half Moon Bay"
29,Busselton,AU,60.35,few clouds,-33.65,115.3333,Observatory Guest House
30,Ponta Do Sol,PT,63.23,broken clouds,32.6667,-17.1,Hotel do Campo
31,Palm Coast,US,66.29,overcast clouds,29.585,-81.2078,Hammock Beach Golf Resort & Spa
33,Bluff,NZ,54.57,broken clouds,-46.6,168.3333,Bluff Homestead - Guesthouse & Campervan Park
34,Sakakah,SA,60.37,clear sky,29.9697,40.2064,Fakhamat Al Orjoana Apartment
36,Vanimo,PG,76.78,overcast clouds,-2.6741,141.3028,Vahmoneh Lodge Vanimo
40,Tubmanburg,LR,75.99,scattered clouds,6.8708,-10.8172,LITTLE WAY GUEST HOUSE
41,Rikitea,PF,76.33,few clouds,-23.1203,-134.9692,People ThankYou
42,Hilo,US,78.53,scattered clouds,19.7297,-155.09,Hilo Hawaiian Hotel
44,Port Elizabeth,ZA,66.49,clear sky,-33.918,25.5701,39 On Nile Guest House
45,Port Lincoln,AU,58.89,clear sky,-34.7333,135.8667,Port Lincoln Hotel
47,Tagusao,PH,79.48,overcast clouds,9.1924,117.8141,Toledo
48,Hambantota,LK,77.11,overcast clouds,6.1241,81.1185,Bungalow 63
51,Dingle,PH,75.13,broken clouds,10.9995,122.6711,SEGAYA PROPERTY
52,Veraval,IN,76.53,broken clouds,20.9,70.3667,Lords Inn Somnath
53,Avarua,CK,78.85,few clouds,-21.2078,-159.775,Paradise Inn
54,Ulladulla,AU,56.3,overcast clouds,-35.35,150.4667,Sandpiper Motel
55,Pacific Grove,US,73.51,clear sky,36.6177,-121.9166,Lovers Point Inn
57,Isangel,VU,79.93,overcast clouds,-19.55,169.2667,Tanna Lodge
58,Ribeira Grande,PT,59.4,few clouds,38.5167,-28.7,Quinta da Meia Eira
61,Flinders,AU,56.48,broken clouds,-34.5833,150.8552,Shellharbour Resort & Conference Centre
62,Conceicao Do Araguaia,BR,78.8,overcast clouds,-8.2578,-49.2647,Tarum√£ Tropical Hotel
63,Sosandra,GR,52.99,overcast clouds,40.9983,22.0294,Gaia Kaimaktsalan Hotel & Spa
64,Fortuna,US,53.94,overcast clouds,40.5982,-124.1573,Super 8 by Wyndham Fortuna
67,Georgetown,MY,76.95,few clouds,5.4112,100.3354,Cititel Penang
69,Muros,ES,52.3,broken clouds,42.7762,-9.0603,Apartment Av. Castelao
70,Saint-Pierre,RE,76.64,light rain,-21.3393,55.4781,Lindsey H√¥tel
74,Kigoma,TZ,72.9,scattered clouds,-4.8769,29.6267,MJI Mwema Lodge
77,Kruisfontein,ZA,63.73,clear sky,-34.0033,24.7314,Oyster Bay House Rental
78,Bredasdorp,ZA,63.72,few clouds,-34.5322,20.0403,Bredasdorp Country Manor
81,Todos Santos,MX,79.39,overcast clouds,23.45,-110.2167,Hotel California Todos Santos
82,Saint-Philippe,RE,76.55,scattered clouds,-21.3585,55.7679,"Chambres d'h√¥te ""La Trinit√©"""
84,Middelburg,ZA,67.26,clear sky,-25.7751,29.4648,Oregon Place Guest House
85,Port Alfred,ZA,66.25,clear sky,-33.5906,26.891,The Halyards Hotel
86,Kununurra,AU,75.18,few clouds,-15.7667,128.7333,Hotel Kununurra
92,Voi,KE,73.36,broken clouds,-3.3945,38.563,Voi Wildlife Lodge
93,Saint George,US,75.67,clear sky,37.1041,-113.5841,Best Western Plus Abbey Inn
95,Mar Del Plata,AR,66.22,overcast clouds,-38.0023,-57.5575,Gran Hotel Mar del Plata
97,Hetauda,NP,59.86,scattered clouds,27.4284,85.0322,Regal Hetauda Resort
99,Dunedin,NZ,60.78,broken clouds,-45.8742,170.5036,Scenic Hotel Southern Cross
104,Airai,TL,60.44,overcast clouds,-8.9266,125.4092,Juvinal Martin
105,Sorong,ID,78.48,overcast clouds,-0.8833,131.25,Waigo Splash Hotel
106,Buenos Aires,AR,65.88,light rain,-34.6132,-58.3772,Hotel NH Buenos Aires City
108,Aviles,ES,52.99,broken clouds,43.5547,-5.9248,"Palacio de Avil√©s, Affiliated by Meli√°"
109,Junagadh,IN,72.46,broken clouds,21.5167,70.4667,Click Hotel Junagadh
110,Victoria,HK,69.78,scattered clouds,22.2855,114.1577,Mini Hotel Central
113,Alice Springs,AU,56.75,clear sky,-23.7,133.8833,Desert Palms Alice Springs
114,Pafos,CY,64.31,clear sky,34.7667,32.4167,Elysium Hotel
116,Payo,ID,71.94,overcast clouds,-3.7508,103.6372,Mess keban agung
118,San Vicente,AR,64.9,overcast clouds,-26.6167,-54.1333,Complejo Tur√≠stico Farelluk
121,Jeremie,HT,79.32,scattered clouds,18.65,-74.1167,Auberge‚ÄôInn
124,Bibiani,GH,75.04,overcast clouds,6.4635,-2.3194,Rodick Hotel
125,Puerto Ayora,EC,78.76,overcast clouds,-0.7393,-90.3518,Finch Bay Galapagos Hotel
128,Naze,JP,63.79,overcast clouds,28.3667,129.4833,Shishime Hotel
132,Hualmay,PE,70.07,broken clouds,-11.0964,-77.6139,Hotel Villa Kitzia Huacho
133,Itoman,JP,69.82,light rain,26.1247,127.6694,Southern Beach Hotel & Resort Okinawa
137,San Quintin,MX,72.54,clear sky,30.4833,-115.95,Don Eddie's Sport Fishing Center
138,Cape Town,ZA,63.01,scattered clouds,-33.9258,18.4232,Southern Sun Waterfront Cape Town
141,Faya,SA,57.31,clear sky,18.3851,42.4509,ÿßŸÖŸÑÿßŸÉ ÿÆÿßŸÑÿØ ÿßŸÑÿ¥ÿπÿ¥Ÿàÿπ
143,Ponta Delgada,PT,61.52,broken clouds,37.7333,-25.6667,Vila Nova Hotel
145,Ngunguru,NZ,66.31,overcast clouds,-35.6167,174.5,Pacific Rendezvous Motel Resort
149,Guerrero Negro,MX,78.13,clear sky,27.9769,-114.0611,"Casa Laguna, Bed & Breakfast"
150,Ca Mau,VN,73.33,overcast clouds,9.1769,105.15,Kh√°ch S·∫°n M∆∞·ªùng Thanh Luxury C√† Mau
153,Punta Gorda,US,77.04,clear sky,26.9298,-82.0454,Four Points by Sheraton Punta Gorda Harborside
154,Urubamba,PE,68.9,overcast clouds,-13.3047,-72.1158,"Tambo del Inka, a Luxury Collection Resort & Spa, Valle Sagrado"
156,Castro,BR,75.43,overcast clouds,-24.7911,-50.0119,CHACARA BAILLY
158,Cidreira,BR,72.3,overcast clouds,-30.1811,-50.2056,Hotel Castelo
164,Islamkot,PK,70.88,few clouds,24.6997,70.177,Haji Hotel
166,Broken Hill,AU,64.11,clear sky,-31.95,141.4333,Royal Exchange Hotel
167,Bafra,TR,58.78,scattered clouds,41.5678,35.9069,Sevgi Otel
169,Kiama,AU,56.68,broken clouds,-34.6833,150.8667,The Sebel Kiama Harbourside
171,Rolla,US,51.94,clear sky,37.9514,-91.7713,"Holiday Inn Express & Suites Rolla - Univ of Missouri S&T, an IHG Hotel"
172,San Cristobal,VE,78.98,broken clouds,7.7669,-72.225,Posada Villaven C.A.
174,Buraydah,SA,63.05,clear sky,26.326,43.975,ŸÅŸÜÿØŸÇ ÿ±ÿßÿ≠ÿ© ÿßŸÑÿ≥ŸÑÿßŸÖ
176,Saldanha,ZA,64.45,scattered clouds,-33.0117,17.9442,Blue Bay Lodge
180,Sanford,US,70.09,few clouds,28.8006,-81.2731,Best Western Plus Sanford Airport/Lake Mary Hotel
181,Jamkhed,IN,65.98,overcast clouds,18.7362,75.3121,Ugale's Residence
183,Port Macquarie,AU,62.56,overcast clouds,-31.4333,152.9167,Rydges Port Macquarie
184,Souillac,MU,73.78,few clouds,-20.5167,57.5167,Shanti Maurice Resort & Spa
185,Mareeba,AU,72.32,scattered clouds,-17.0,145.4333,Trinity Plains Tourist Park
187,Russell,US,55.11,light intensity drizzle,32.3502,-85.1999,Macs
188,Sechura,PE,78.1,broken clouds,-5.5569,-80.8222,Hospedaje Costa Bella
192,Kaitangata,NZ,58.39,overcast clouds,-46.2817,169.8464,Kaitangata Motor Camp
194,Bambous Virieux,MU,73.65,few clouds,-20.3428,57.7575,Casa Tia Villa
196,Manavalakurichi,IN,75.29,light rain,8.1333,77.3,Muttom beach west
204,Vila Franca Do Campo,PT,61.21,overcast clouds,37.7167,-25.4333,Pestana Bahia Praia
208,Mahebourg,MU,73.69,few clouds,-20.4081,57.7,Shandrani Beachcomber Resort & Spa
210,East London,ZA,69.12,scattered clouds,-33.0153,27.9116,Tu Casa
211,Porto Velho,BR,77.05,scattered clouds,-8.7619,-63.9039,Hotel Central
214,Monrovia,LR,78.57,few clouds,6.3005,-10.7969,Sunset Inn
215,Santa Cruz De La Palma,ES,64.54,light intensity drizzle,28.6835,-17.7642,H10 Taburiente Playa
216,Batemans Bay,AU,59.14,broken clouds,-35.7167,150.1833,Batemans Bay Marina Resort
220,Safford,US,67.12,clear sky,32.834,-109.7076,SpringHill Suites by Marriott Thatcher
222,Calama,CL,75.69,clear sky,-22.4667,-68.9333,Diego De Almagro Calama
229,Atar,MR,65.23,clear sky,20.5169,-13.0499,Oumou Elghoura
233,Jesup,US,60.91,overcast clouds,31.6074,-81.8854,Western Motel
236,Sai Buri,TH,73.63,very heavy rain,6.7013,101.6168,‡∏£‡πâ‡∏≤‡∏ô‚Äã ‡πÄ‡∏ß‡∏î‡∏î‡∏¥‡πâ‡∏á
244,Burnie,AU,54.21,clear sky,-41.0667,145.9167,Beachfront Voyager Motor Inn
245,Kawalu,ID,70.52,scattered clouds,-7.3817,108.2082,KOSAN UNGU UNSIK
246,Tuatapere,NZ,58.75,few clouds,-46.1333,167.6833,Ron and Tony's Bed & Breakfast
247,Gushikawa,JP,69.8,light rain,26.3544,127.8686,Kirari Guest House
249,Makakilo City,US,79.12,clear sky,21.3469,-158.0858,Marriott's Ko Olina Beach Club
254,Farmers Branch,US,66.99,clear sky,32.9265,-96.8961,DoubleTree by Hilton Hotel Dallas - Farmers Branch
256,Rio Grande,BR,77.11,light rain,-32.035,-52.0986,Hotel Atl√¢ntico Rio Grande
257,Lompoc,US,79.11,clear sky,34.6391,-120.4579,"Holiday Inn Express Lompoc, an IHG Hotel"
258,Limon,CR,78.69,broken clouds,10.0,-83.0333,Hotel Playa Bonita
260,Ahipara,NZ,68.65,overcast clouds,-35.1667,173.1667,Ahipara Holiday Park
264,Spring Valley,US,70.72,clear sky,36.108,-115.245,Westgate Flamingo Bay Resort
265,Buchanan,LR,78.76,scattered clouds,5.8808,-10.0467,Kamaneahn Hotel Inc
267,Pisco,PE,71.65,clear sky,-13.7,-76.2167,Hotel San Isidro Oficial
269,Puerto Madryn,AR,74.32,overcast clouds,-42.7692,-65.0385,Hotel Tolosa
270,Caravelas,BR,74.3,broken clouds,-17.7125,-39.2481,Pousada dos Navegantes
271,Chuy,UY,66.07,light rain,-33.6971,-53.4616,Nuevo Hotel Plaza
273,Gwadar,PK,74.97,clear sky,25.1216,62.3254,Sadaf Resort
277,Teguise,ES,61.02,few clouds,29.0605,-13.564,B&B La Casona de Nazaret
278,Shenjiamen,CN,61.34,overcast clouds,29.9576,122.298,Jinjiang Inn Zhoushan Putuo Shenjiamen
282,Nishihara,JP,69.85,light intensity shower rain,26.1842,127.7558,Minshuku Agaihama
289,Macia,MZ,71.35,clear sky,-25.0269,33.0989,Hotel Taskin Macia
291,Isabela,PH,78.06,scattered clouds,6.7085,121.9711,Isawad Resort
293,Popondetta,PG,77.58,overcast clouds,-8.7537,148.2534,Timos Transit House
297,Yeppoon,AU,74.98,overcast clouds,-23.1333,150.7333,Villa Mar Colina
299,Geraldton,AU,68.41,overcast clouds,-28.7667,114.6,Broadwater Mariner Resort
300,Singaparna,ID,69.84,scattered clouds,-7.3515,108.111,Wisma Dewi Hotel
301,Luocheng,CN,52.84,overcast clouds,29.3848,104.0286,Luocheng Hotel
303,Camacha,PT,60.22,scattered clouds,33.0833,-16.3333,Hotel Porto Santo & Spa
305,Khash,IR,51.84,few clouds,28.2211,61.2158,ÿØŸÅÿ™ÿ± Ÿæ€åÿ¥ÿÆŸàÿßŸÜ ÿØŸàŸÑÿ™ ÿ¨ŸÖÿßŸÑ ÿ≤Ÿá€å (ÿÆÿßŸÑÿØ)
306,Marsa Matruh,EG,64.6,clear sky,31.3525,27.2453,Beau Site
307,Cayenne,GF,78.84,scattered clouds,4.9333,-52.3333,H√¥tel Le Dronmi
316,Bafq,IR,58.64,overcast clouds,31.6128,55.4107,Alamdar Hotel
319,Codrington,AU,54.66,clear sky,-38.2667,141.9667,Codrington Gardens Bed And Breakfast
323,Nelson Bay,AU,60.85,overcast clouds,-32.7167,152.15,Mantra Nelson Bay
324,Victor Harbor,AU,55.49,clear sky,-35.5667,138.6167,McCracken Country Club
329,Vila Velha,BR,76.95,broken clouds,-20.3297,-40.2925,Quality Suites Vila Velha
331,Bengkulu,ID,75.85,overcast clouds,-3.8004,102.2655,Grage Hotel Bengkulu
334,Esperance,AU,64.24,overcast clouds,-33.8667,121.9,Hospitality Esperance
335,Harper,LR,79.3,broken clouds,4.375,-7.7169,Screensaver
336,Karachi,PK,67.82,haze,24.9056,67.0822,Sadaat
337,Namibe,AO,69.42,overcast clouds,-15.1961,12.1522,Hotel Chik Chik Namibe
338,Salalah,OM,75.29,clear sky,17.0151,54.0924,"HAMDAN PLAZA HOTEL SALALAH, an HTG Hotel"
342,Patti,IN,57.15,clear sky,31.2808,74.8572,harike air travel
347,Port Blair,IN,79.56,few clouds,11.6667,92.75,"Welcomhotel By ITC Hotels, Bay Island, Port Blair"
349,Ulcinj,ME,59.22,overcast clouds,41.9294,19.2244,Hotel Mediteran
350,Waipawa,NZ,63.23,broken clouds,-41.4122,175.5153,Tora Coastal Walk
351,Koungou,YT,78.51,clear sky,-12.7336,45.2042,Villa Netibor
353,Bilma,NE,75.85,overcast clouds,18.6853,12.9164,Expeditions T√©n√©re voyages
355,Lata,PT,54.01,overcast clouds,40.1629,-8.3327,Casa Maquia
357,Balkanabat,TM,54.25,clear sky,39.5108,54.3671,Nebitchi Hotel
359,Kolokani,ML,79.77,clear sky,13.5728,-8.0339,Lycee Famolo Coulibalibali De Kolokani
362,Redwater,US,66.49,clear sky,33.3582,-94.2544,Witterstaetter Properties
366,Ucluelet,CA,52.11,overcast clouds,48.9329,-125.5528,Black Rock Oceanfront Resort
371,Junin,AR,60.87,light rain,-34.5838,-60.9433,Hotel Central
376,Prado,BR,75.31,broken clouds,-17.3411,-39.2208,INN CORNER RIVER - PRADO - BAHIA - HOUSING AND HOTEL
378,Nouadhibou,MR,69.78,overcast clouds,20.931,-17.0347,El Medina
380,Baturaja,ID,72.09,overcast clouds,-4.1333,104.1667,"HOTEL Sekar Sunja, Baturaja Timur, Ogan Komering Ulu"
383,Mocuba,MZ,67.42,clear sky,-16.8392,36.9856,Phama Lodge
387,Buarcos,PT,55.74,broken clouds,40.166,-8.8768,Hotel Sweet Atlantic SPA
388,Cabo San Lucas,MX,79.9,overcast clouds,22.8909,-109.9124,Hotel Tesoro Los Cabos
390,Warrensburg,US,51.89,clear sky,38.7628,-93.7361,Comfort Inn Warrensburg Station
391,Siwan,IN,65.37,scattered clouds,26.2167,84.3667,Hotel Manish
395,Port Augusta,AU,57.34,clear sky,-32.5,137.7667,Majestic Oasis Apartments
396,Port Hardy,CA,50.18,light rain,50.6996,-127.4199,Airport Inn
398,Dzaoudzi,YT,78.69,clear sky,-12.7887,45.2699,Le Rocher
399,Mitha Tiwana,PK,61.48,clear sky,32.2486,72.1108,Canal Rest House
400,Asfi,MA,57.34,clear sky,32.2994,-9.2372,H√¥tel Abda
401,Kendari,ID,74.23,overcast clouds,-3.945,122.4989,Hotel Wixel
402,Cukai,MY,75.34,heavy intensity rain,4.25,103.4167,OYO 90038 Dalyla Inn Chalet
403,Coffs Harbour,AU,66.47,overcast clouds,-30.3,153.1333,Aquajet Motel
406,Kirando,TZ,75.4,scattered clouds,-7.4167,30.6,Lakeshore Lodge
407,Pacifica,US,66.2,few clouds,37.6138,-122.4869,"Pacifica Lighthouse, Trademark Collection by Wyndham"
409,Campbell River,CA,50.72,mist,50.0163,-125.2446,Ramada by Wyndham Campbell River
410,Yucca Valley,US,70.97,clear sky,34.1142,-116.4322,Americas Best Value Inn & Suites Joshua Tree National Park
412,Jacareacanga,BR,76.37,overcast clouds,-6.2222,-57.7528,Casa do Ianüòé
413,Challapata,BO,62.65,broken clouds,-18.9,-66.7667,HOSTAL MARIAN
416,Nouakchott,MR,76.93,overcast clouds,18.0858,-15.9785,HOTEL IMAN
421,Dalby,AU,66.9,few clouds,-27.1833,151.2667,Kobbers Motor Inn Dalby
422,Lubango,AO,64.49,overcast clouds,-14.9172,13.4925,Hotel Serra da Chela
425,Luau,AO,65.35,light rain,-10.7073,22.2247,Casa- Bernardo C√¢ndido
426,Formosa,AR,76.98,broken clouds,-26.1775,-58.1781,Hotel Portal del Sol
428,Dogbo,BJ,78.57,overcast clouds,6.8167,1.7833,Maison des visiteurs / auberge chez ESI ONG/ pro dogbo e.V.
431,Trelew,AR,78.85,broken clouds,-43.249,-65.3051,Hotel Touring Club
432,Te Anau,NZ,58.91,few clouds,-45.4167,167.7167,Kingsgate Hotel Te Anau
435,Poum,NC,79.75,scattered clouds,-20.2333,164.0167,G√Æte kajeon
438,Banda Aceh,ID,77.36,overcast clouds,5.5577,95.3222,Sulthan Hotel International
445,Wanning,CN,72.64,overcast clouds,18.8003,110.3967,Paradise Hotel
448,Praia Da Vitoria,PT,55.65,few clouds,38.7333,-27.0667,Hotel Branco I
450,Sonoita,MX,79.3,clear sky,31.85,-112.8333,Hotel Nora
453,Castanos,MX,63.99,scattered clouds,26.7833,-101.4167,Bomberos voluntarios casta√±os coahuila
455,Mayumba,GA,77.72,broken clouds,-3.432,10.6554,LIKWALE LODGE
456,Tabou,CI,79.34,scattered clouds,4.423,-7.3528,hot√™l doufoulougou
457,Brindisi,IT,56.19,scattered clouds,40.5833,17.6667,Agriturismo Tibitone
461,Orangeburg,US,62.56,clear sky,33.4918,-80.8557,Palmetto Inn & Suites
462,Meadow Lake,US,65.17,clear sky,34.8014,-106.5436,TumbleWeed RV Park
464,Grand Gaube,MU,73.8,clear sky,-20.0064,57.6608,Veranda Paul et Virginie Hotel & Spa
465,Richards Bay,ZA,73.22,clear sky,-28.783,32.0377,BON Hotel Waterfront Richards Bay
467,Ormara,PK,75.63,clear sky,25.2088,64.6357,Crystal Beach and Camping Resort Ormara
471,Gat,IL,63.28,few clouds,31.61,34.7642,OlusHome
473,Yulara,AU,57.04,clear sky,-25.2406,130.9889,Desert Gardens Hotel - Ayers Rock Resort
474,Kutum,SD,68.63,clear sky,14.2,24.6667,Dibbo areaŸÖŸÜÿ∑ŸÇÿ© ÿØÿ®Ÿà
475,Alamogordo,US,61.95,clear sky,32.8995,-105.9603,Fairfield Inn & Suites by Marriott Alamogordo
477,Chicama,PE,64.94,overcast clouds,-7.8447,-79.1469,Balihai Bungalows
484,Ouro Preto Do Oeste,BR,76.19,overcast clouds,-10.7481,-62.2158,Gra√∫na Resort Hotel
485,Kaeo,NZ,68.56,overcast clouds,-35.1,173.7833,Bushido Lodge
487,San Patricio,US,72.01,overcast clouds,28.017,-97.5169,"Motel 6 Sinton, TX"
489,Salto,UY,69.96,scattered clouds,-31.3833,-57.9667,Gran Hotel Uruguay
490,Koppies,ZA,68.81,broken clouds,-27.2418,27.5742,Friesland Hotel
494,Tanete,ID,75.11,overcast clouds,-3.9443,119.7848,Wisma Tri Multi
496,Oussouye,SN,78.98,broken clouds,12.485,-16.5469,Auberge du Routard
497,Sao Filipe,CV,76.8,overcast clouds,14.8961,-24.4956,Hotel Xaguate
498,Wenling,CN,59.38,overcast clouds,28.3669,121.36,Hanting Express Wenling Wanchang North Road
500,Arcata,US,54.21,mist,40.8665,-124.0828,"Hampton Inn & Suites Arcata, CA"
501,Salamiyah,SY,60.51,clear sky,35.0113,37.0532,Gondolas Forum grandchildren and grandparents
502,Lashio,MM,54.9,few clouds,22.9333,97.75,Hotel CF Lashio - Burmese Only
503,Taltal,CL,65.21,scattered clouds,-25.4,-70.4833,Residencial Karime
504,Rach Gia,VN,75.15,overcast clouds,10.0167,105.0833,Nh√† H√†ng H√≤a Giang
511,Lebu,CL,56.28,clear sky,-37.6167,-73.65,Hostal Las Lilas
513,Portland,US,62.58,broken clouds,45.5234,-122.6762,Embassy Suites by Hilton Portland Downtown
515,Moranbah,AU,75.97,broken clouds,-22.0016,148.0466,Direct Hotels - Monterey Moranbah
516,Inongo,CD,70.83,overcast clouds,-1.95,18.2667,Hotel Du Lac
517,Santa Catalina,PH,77.59,scattered clouds,9.3337,122.8637,BreakWater Beach Sta Catalina Negros Oriental
518,Mount Isa,AU,76.77,broken clouds,-20.7333,139.5,ibis Styles Mt Isa Verona
519,Marsh Harbour,BS,72.46,overcast clouds,26.5412,-77.0636,Abaco Beach Resort
520,Manggar,ID,78.84,overcast clouds,-2.8833,108.2667,Guest Hotel
521,Acari,PE,75.88,broken clouds,-15.4311,-74.6158,HOSPEDAJE XIMENA
525,Coquimbo,CL,64.13,clear sky,-29.9533,-71.3436,Punto de encuentro
526,Kadiri,IN,68.67,overcast clouds,14.1167,78.1667,Railway Guest House
527,Grand-Lahou,CI,79.48,light rain,5.1367,-5.0242,Hotel Beatitude de Grand Lahou
530,Mananjary,MG,70.5,overcast clouds,-21.2167,48.3333,Vahiny Lodge
532,Rawson,AR,75.24,broken clouds,-43.3002,-65.1023,Hosteria Sampedro
533,Camargo,MX,64.2,overcast clouds,27.6667,-105.1667,Hotel Santa Fe
534,Jiangkou,CN,64.29,broken clouds,25.4872,119.1986,DFM Hotel
538,Miri,MY,75.34,moderate rain,4.4148,114.0089,"Mega Hotel, Miri"
539,Sibolga,ID,74.35,overcast clouds,1.7427,98.7792,Hotel Syariah CN Darussalam
540,Barcelos,PT,53.74,broken clouds,41.5388,-8.6151,Hotel Do Ter√ßo
542,Sikonge,TZ,73.9,broken clouds,-5.6333,32.7667,Pretoria 2 Lodge
543,Nalbari,IN,60.78,few clouds,26.4456,91.4354,Ganesh Hotel
545,Mitsamiouli,KM,79.68,clear sky,-11.3847,43.2844,Foyer ADM
546,Susanville,US,62.83,scattered clouds,40.4163,-120.653,Comfort Inn & Suites
547,Chone,EC,79.97,overcast clouds,-0.6833,-80.1,Ciudadela Gonzalez
552,Los Llanos De Aridane,ES,64.15,broken clouds,28.6585,-17.9182,Valle Aridane
553,Kalianget,ID,74.91,light rain,-7.05,113.9333,Pesanggrahan Garam
555,Wanaka,NZ,62.94,clear sky,-44.7,169.15,Wanaka Homestead Lodge and Cottages
557,Sao Joao Da Barra,BR,73.49,overcast clouds,-21.6403,-41.0511,Pousada Porto De Canoas
559,Sompeta,IN,72.25,overcast clouds,18.9333,84.6,Netaji's Home
560,Aswan,EG,74.5,clear sky,24.0934,32.907,Nuba Nile
564,Padang,ID,75.94,overcast clouds,-0.9492,100.3543,Mercure Padang
566,Willowmore,ZA,62.53,scattered clouds,-33.2926,23.4895,Jumper's Place
568,Marbella,ES,54.72,clear sky,36.5154,-4.8858,Hotel Fuerte Marbella
569,Sohag,EG,66.49,overcast clouds,26.557,31.6948,Civil Registry - Sohag 1
572,Calvinia,ZA,56.73,clear sky,-31.4707,19.776,Die Lemoenhuis
573,Rocha,UY,67.6,overcast clouds,-34.4833,-54.3333,Hotel Arrarte
574,Karaton,ID,75.36,overcast clouds,-6.3424,106.1045,Parkir Mobil Wisata CAS Water Park
578,Paita,PE,75.76,broken clouds,-5.0892,-81.1144,Hotel N√°utico de Paita
580,Port Hedland,AU,75.25,scattered clouds,-20.3167,118.5667,The Esplanade Hotel
581,Fukue,JP,56.46,few clouds,32.6881,128.8419,Goto Guesthouse Utojuku & SA Car Rental
584,Puerto Leguizamo,CO,79.66,overcast clouds,-0.1934,-74.7819,la casona de juancho
585,Bandarbeyla,SO,77.7,scattered clouds,9.4942,50.8122,JABIR HOTEL
586,Kefar Tavor,IL,63.03,broken clouds,32.6866,35.4212,◊§◊†◊ô◊†◊î ◊ë◊û◊ï◊©◊ë◊î
588,Christchurch,NZ,57.4,overcast clouds,-43.5333,172.6333,The George
591,Quatre Cocos,MU,73.51,clear sky,-20.2078,57.7625,Sunrise Attitude Hotel
592,Laguna,US,71.42,clear sky,38.421,-121.4238,"Holiday Inn Express & Suites Elk Grove Central - Hwy 99, an IHG Hotel"
594,Chauk,MM,69.73,scattered clouds,20.8833,94.8167,Bo Khin Guest House
596,Treinta Y Tres,UY,66.79,light rain,-33.2333,-54.3833,Jardines Apart-Hotel
597,Rafaela,AR,76.62,clear sky,-31.2503,-61.4867,Parra Hotel & Suites
600,Winnemucca,US,53.65,clear sky,40.973,-117.7357,Winners Inn Casino
602,Mpika,ZM,64.8,clear sky,-11.8343,31.4529,Melodies Lodge
604,Jalingo,NG,79.36,broken clouds,8.8833,11.3667,Debright Motel
609,Isiolo,KE,67.86,broken clouds,0.3546,37.5822,Gaddisa Hotel
610,Dabat,ET,55.26,clear sky,12.9842,37.765,Haymanot hotel
611,Akyab,MM,73.83,broken clouds,20.15,92.9,Hotel Memory
612,Cabatuan,PH,75.4,scattered clouds,10.8794,122.486,MVC Transient Room
616,Jequie,BR,73.04,broken clouds,-13.8575,-40.0836,Itajuba Hotel
617,Myitkyina,MM,56.79,clear sky,25.3833,97.4,Shwe Phyu Hotel
624,Jieshi,CN,65.59,few clouds,22.8134,115.8257,Yuehai Hotel
628,Lumphat,KH,70.72,overcast clouds,13.4878,106.9816,Lumphat Homestay
629,Riyadh,SA,60.94,clear sky,24.6877,46.7219,"InterContinental Riyadh, an IHG Hotel"
636,Jalu,LY,75.81,overcast clouds,29.0331,21.5482,ÿµÿßÿ≠ÿ®ÿ© ÿßŸÑŸÅÿÆÿßŸÖÿ©
639,Changde,CN,53.38,broken clouds,29.0464,111.6783,Kangshida Hotel
641,Harindanga,IN,66.18,scattered clouds,22.0383,88.3214,Hasanur Builders
645,Misratah,LY,66.16,broken clouds,32.3754,15.0925,Almasa Hotel
649,Biloela,AU,74.62,broken clouds,-24.4167,150.5,Biloela Silo Motor Inn
651,Comodoro Rivadavia,AR,75.06,clear sky,-45.8667,-67.5,Austral Hotel
653,Belawan,ID,75.49,heavy intensity rain,3.7755,98.6832,Rumah Mamak Bapak M.Radial
657,Natchitoches,US,63.28,broken clouds,31.7668,-93.1335,Super 8 by Wyndham Natchitoches
658,Omboue,GA,77.04,light rain,-1.5746,9.2618,Hotel Olako
660,Narasannapeta,IN,71.69,overcast clouds,18.4167,84.05,G.lingaraju home
661,Phangnga,TH,75.31,heavy intensity rain,8.4509,98.5298,Sunimit Mansion
663,Sambava,MG,76.6,light rain,-14.2667,50.1667,Melrose
665,Bull Savanna,JM,78.15,scattered clouds,17.8868,-77.5902,Big Red's
668,Coruripe,BR,79.88,moderate rain,-10.1256,-36.1756,Pousada e Hotel Litoral Sul
670,Byron Bay,AU,69.75,overcast clouds,-28.65,153.6167,Backpackers Inn
671,Navolato,MX,76.6,overcast clouds,24.7672,-107.6944,Cofrad√≠a de San pedro Navolato sinaloa
672,Luanda,AO,78.8,few clouds,-8.8368,13.2343,Hotel F√≥rum
673,Cilegon,ID,76.89,overcast clouds,-6.0174,106.0538,Amaris Hotel Cilegon
676,Angoche,MZ,75.67,clear sky,-16.2325,39.9086,Guest House HESADA
677,Qiryat Gat,IL,63.28,few clouds,31.61,34.7642,OlusHome
678,Qui Nhon,VN,76.01,moderate rain,13.7667,109.2333,Hoang Yen Canary Hotel
679,Kloulklubed,PW,77.5,broken clouds,7.0419,134.2556,Storyboard Beach Resort
680,Dwarka,IN,77.72,broken clouds,22.2394,68.9678,Hotel Narayan Avezika Comfort
682,Mackay,AU,73.38,light intensity shower rain,-21.15,149.2,International Lodge Motel
683,Vangaindrano,MG,67.06,overcast clouds,-23.35,47.6,Hotel Fanilo
686,Tahoua,NE,79.45,overcast clouds,14.8888,5.2692,Bungalows Guesthouse
687,Lagoa,PT,60.39,broken clouds,39.05,-27.9833,Casa Das Faias
689,Banamba,ML,79.65,clear sky,13.55,-7.45,Kassela de Banamba
690,Baldeogarh,IN,61.03,broken clouds,24.755,79.0681,Chauhan‚Äôs villa
693,Ampanihy,MG,61.5,clear sky,-24.7,44.75,Angora Hotel
695,Puerto Del Rosario,ES,65.95,few clouds,28.5004,-13.8627,Hotel JM Puerto del Rosario
696,Mayo,US,57.24,broken clouds,38.8876,-76.5119,Resorts Resource Group International
